<?xml version="1.0" standalone="yes"?>
<NewDataSet>
  <Operators>
    <Name>\bborder-bottom-right-radius\b</Name>
  </Operators>
  <Operators>
    <Name>\btransition-timing-function\b</Name>
  </Operators>
  <Operators>
    <Name>\bborder-bottom-left-radius\b</Name>
  </Operators>
  <Operators>
    <Name>\bborder-top-right-radius\b</Name>
  </Operators>
  <Operators>
    <Name>\bborder-top-left-radius\b</Name>
  </Operators>
  <Operators>
    <Name>\bbackground-attachment\b</Name>
  </Operators>
  <Operators>
    <Name>\btext-decoration-color\b</Name>
  </Operators>
  <Operators>
    <Name>\btext-decoration-style\b</Name>
  </Operators>
  <Operators>
    <Name>\btext-decoration-line\b</Name>
  </Operators>
  <Operators>
    <Name>\bbackground-position\b</Name>
  </Operators>
  <Operators>
    <Name>\bborder-bottom-color\b</Name>
  </Operators>
  <Operators>
    <Name>\bborder-bottom-style\b</Name>
  </Operators>
  <Operators>
    <Name>\bborder-bottom-width\b</Name>
  </Operators>
  <Operators>
    <Name>\blist-style-position\b</Name>
  </Operators>
  <Operators>
    <Name>\btransition-duration\b</Name>
  </Operators>
  <Operators>
    <Name>\btransition-property\b</Name>
  </Operators>
  <Operators>
    <Name>\bborder-right-color\b</Name>
  </Operators>
  <Operators>
    <Name>\bborder-right-style\b</Name>
  </Operators>
  <Operators>
    <Name>\bborder-right-width\b</Name>
  </Operators>
  <Operators>
    <Name>\bbackground-origin\b</Name>
  </Operators>
  <Operators>
    <Name>\bbackground-repeat\b</Name>
  </Operators>
  <Operators>
    <Name>\bborder-left-color\b</Name>
  </Operators>
  <Operators>
    <Name>\bborder-left-style\b</Name>
  </Operators>
  <Operators>
    <Name>\bborder-left-width\b</Name>
  </Operators>
  <Operators>
    <Name>\bcounter-increment\b</Name>
  </Operators>
  <Operators>
    <Name>\bpage-break-before\b</Name>
  </Operators>
  <Operators>
    <Name>\bpage-break-inside\b</Name>
  </Operators>
  <Operators>
    <Name>\bbackground-color\b</Name>
  </Operators>
  <Operators>
    <Name>\bbackground-image\b</Name>
  </Operators>
  <Operators>
    <Name>\bborder-top-color\b</Name>
  </Operators>
  <Operators>
    <Name>\bborder-top-style\b</Name>
  </Operators>
  <Operators>
    <Name>\bborder-top-width\b</Name>
  </Operators>
  <Operators>
    <Name>\blist-style-image\b</Name>
  </Operators>
  <Operators>
    <Name>\bpage-break-after\b</Name>
  </Operators>
  <Operators>
    <Name>\btransform-origin\b</Name>
  </Operators>
  <Operators>
    <Name>\btransition-delay\b</Name>
  </Operators>
  <Operators>
    <Name>\bbackground-clip\b</Name>
  </Operators>
  <Operators>
    <Name>\bbackground-size\b</Name>
  </Operators>
  <Operators>
    <Name>\bborder-collapse\b</Name>
  </Operators>
  <Operators>
    <Name>\blist-style-type\b</Name>
  </Operators>
  <Operators>
    <Name>\btext-align-last\b</Name>
  </Operators>
  <Operators>
    <Name>\btext-decoration\b</Name>
  </Operators>
  <Operators>
    <Name>\bborder-spacing\b</Name>
  </Operators>
  <Operators>
    <Name>\bletter-spacing\b</Name>
  </Operators>
  <Operators>
    <Name>\boutline-offset\b</Name>
  </Operators>
  <Operators>
    <Name>\bpadding-bottom\b</Name>
  </Operators>
  <Operators>
    <Name>\btext-transform\b</Name>
  </Operators>
  <Operators>
    <Name>\bvertical-align\b</Name>
  </Operators>
  <Operators>
    <Name>\bborder-bottom\b</Name>
  </Operators>
  <Operators>
    <Name>\bborder-radius\b</Name>
  </Operators>
  <Operators>
    <Name>\bcounter-reset\b</Name>
  </Operators>
  <Operators>
    <Name>\bmargin-bottom\b</Name>
  </Operators>
  <Operators>
    <Name>\boutline-color\b</Name>
  </Operators>
  <Operators>
    <Name>\boutline-style\b</Name>
  </Operators>
  <Operators>
    <Name>\boutline-width\b</Name>
  </Operators>
  <Operators>
    <Name>\bpadding-right\b</Name>
  </Operators>
  <Operators>
    <Name>\btext-overflow\b</Name>
  </Operators>
  <Operators>
    <Name>\bborder-color\b</Name>
  </Operators>
  <Operators>
    <Name>\bborder-image\b</Name>
  </Operators>
  <Operators>
    <Name>\bborder-right\b</Name>
  </Operators>
  <Operators>
    <Name>\bborder-style\b</Name>
  </Operators>
  <Operators>
    <Name>\bborder-width\b</Name>
  </Operators>
  <Operators>
    <Name>\bcaption-side\b</Name>
  </Operators>
  <Operators>
    <Name>\bcolumn-count\b</Name>
  </Operators>
  <Operators>
    <Name>\bcolumn-width\b</Name>
  </Operators>
  <Operators>
    <Name>\bfont-stretch\b</Name>
  </Operators>
  <Operators>
    <Name>\bfont-variant\b</Name>
  </Operators>
  <Operators>
    <Name>\bmargin-right\b</Name>
  </Operators>
  <Operators>
    <Name>\bpadding-left\b</Name>
  </Operators>
  <Operators>
    <Name>\btable-layout\b</Name>
  </Operators>
  <Operators>
    <Name>\bunicode-bidi\b</Name>
  </Operators>
  <Operators>
    <Name>\bword-spacing\b</Name>
  </Operators>
  <Operators>
    <Name>\bwriting-mode\b</Name>
  </Operators>
  <Operators>
    <Name>\bborder-left\b</Name>
  </Operators>
  <Operators>
    <Name>\bcolumn-rule\b</Name>
  </Operators>
  <Operators>
    <Name>\bempty-cells\b</Name>
  </Operators>
  <Operators>
    <Name>\bfont-family\b</Name>
  </Operators>
  <Operators>
    <Name>\bfont-weight\b</Name>
  </Operators>
  <Operators>
    <Name>\bline-height\b</Name>
  </Operators>
  <Operators>
    <Name>\bmargin-left\b</Name>
  </Operators>
  <Operators>
    <Name>\bpadding-top\b</Name>
  </Operators>
  <Operators>
    <Name>\btext-indent\b</Name>
  </Operators>
  <Operators>
    <Name>\btext-shadow\b</Name>
  </Operators>
  <Operators>
    <Name>\bwhite-space\b</Name>
  </Operators>
  <Operators>
    <Name>\b!important\b</Name>
  </Operators>
  <Operators>
    <Name>\bbackground\b</Name>
  </Operators>
  <Operators>
    <Name>\bborder-top\b</Name>
  </Operators>
  <Operators>
    <Name>\bbox-shadow\b</Name>
  </Operators>
  <Operators>
    <Name>\bbox-sizing\b</Name>
  </Operators>
  <Operators>
    <Name>\bcolumn-gap\b</Name>
  </Operators>
  <Operators>
    <Name>\bfont-style\b</Name>
  </Operators>
  <Operators>
    <Name>\blist-style\b</Name>
  </Operators>
  <Operators>
    <Name>\bmargin-top\b</Name>
  </Operators>
  <Operators>
    <Name>\bmax-height\b</Name>
  </Operators>
  <Operators>
    <Name>\bmin-height\b</Name>
  </Operators>
  <Operators>
    <Name>\boverflow-x\b</Name>
  </Operators>
  <Operators>
    <Name>\boverflow-y\b</Name>
  </Operators>
  <Operators>
    <Name>\btext-align\b</Name>
  </Operators>
  <Operators>
    <Name>\btransition\b</Name>
  </Operators>
  <Operators>
    <Name>\bvisibility\b</Name>
  </Operators>
  <Operators>
    <Name>\bword-break\b</Name>
  </Operators>
  <Operators>
    <Name>\bdirection\b</Name>
  </Operators>
  <Operators>
    <Name>\bfont-size\b</Name>
  </Operators>
  <Operators>
    <Name>\bmax-width\b</Name>
  </Operators>
  <Operators>
    <Name>\bmin-width\b</Name>
  </Operators>
  <Operators>
    <Name>\btransform\b</Name>
  </Operators>
  <Operators>
    <Name>\bword-wrap\b</Name>
  </Operators>
  <Operators>
    <Name>\boverflow\b</Name>
  </Operators>
  <Operators>
    <Name>\bposition\b</Name>
  </Operators>
  <Operators>
    <Name>\btab-size\b</Name>
  </Operators>
  <Operators>
    <Name>\bcolumns\b</Name>
  </Operators>
  <Operators>
    <Name>\bcontent\b</Name>
  </Operators>
  <Operators>
    <Name>\bdisplay\b</Name>
  </Operators>
  <Operators>
    <Name>\bopacity\b</Name>
  </Operators>
  <Operators>
    <Name>\borphans\b</Name>
  </Operators>
  <Operators>
    <Name>\boutline\b</Name>
  </Operators>
  <Operators>
    <Name>\bpadding\b</Name>
  </Operators>
  <Operators>
    <Name>\bz-index\b</Name>
  </Operators>
  <Operators>
    <Name>\bborder\b</Name>
  </Operators>
  <Operators>
    <Name>\bbottom\b</Name>
  </Operators>
  <Operators>
    <Name>\bcursor\b</Name>
  </Operators>
  <Operators>
    <Name>\bheight\b</Name>
  </Operators>
  <Operators>
    <Name>\bmargin\b</Name>
  </Operators>
  <Operators>
    <Name>\bquotes\b</Name>
  </Operators>
  <Operators>
    <Name>\bresize\b</Name>
  </Operators>
  <Operators>
    <Name>\bwidows\b</Name>
  </Operators>
  <Operators>
    <Name>\bclear\b</Name>
  </Operators>
  <Operators>
    <Name>\bcolor\b</Name>
  </Operators>
  <Operators>
    <Name>\bfloat\b</Name>
  </Operators>
  <Operators>
    <Name>\bright\b</Name>
  </Operators>
  <Operators>
    <Name>\bwidth\b</Name>
  </Operators>
  <Operators>
    <Name>\bclip\b</Name>
  </Operators>
  <Operators>
    <Name>\bfont\b</Name>
  </Operators>
  <Operators>
    <Name>\bleft\b</Name>
  </Operators>
  <Operators>
    <Name>\bzoom\b</Name>
  </Operators>
  <Operators>
    <Name>\btop\b</Name>
  </Operators>
</NewDataSet>