<?xml version="1.0" standalone="yes"?>
<NewDataSet>
  <Operators>
    <Name>\barray\b</Name>
  </Operators>
  <Operators>
    <Name>\bbreak\b</Name>
  </Operators>
  <Operators>
    <Name>\bboolean\b</Name>
  </Operators>
  <Operators>
    <Name>\bchar\b</Name>
  </Operators>
  <Operators>
    <Name>\bcase\b</Name>
  </Operators>
  <Operators>
    <Name>\bclass\b</Name>
  </Operators>
  <Operators>
    <Name>\bcontinue\b</Name>
  </Operators>
  <Operators>
    <Name>\bconst\b</Name>
  </Operators>
  <Operators>
    <Name>\bdefault\b</Name>
  </Operators>
  <Operators>
    <Name>\bdouble\b</Name>
  </Operators>
  <Operators>
    <Name>\bdo\b</Name>
  </Operators>
  <Operators>
    <Name>\belse\b</Name>
  </Operators>
  <Operators>
    <Name>\bend\b</Name>
  </Operators>
  <Operators>
    <Name>\bforeach\b</Name>
  </Operators>
  <Operators>
    <Name>\bfor\b</Name>
  </Operators>
  <Operators>
    <Name>\bfloat\b</Name>
  </Operators>
  <Operators>
    <Name>\bfunction\b</Name>
  </Operators>
  <Operators>
    <Name>\bif\b</Name>
  </Operators>
  <Operators>
    <Name>\bint\b</Name>
  </Operators>
  <Operators>
    <Name>\bnew\b</Name>
  </Operators>
  <Operators>
    <Name>\bprocedure\b</Name>
  </Operators>
  <Operators>
    <Name>\bprivate\b</Name>
  </Operators>
  <Operators>
    <Name>\bpublic\b</Name>
  </Operators>
  <Operators>
    <Name>\breturn\b</Name>
  </Operators>
  <Operators>
    <Name>\bstatic\b</Name>
  </Operators>
  <Operators>
    <Name>\bswitch\b</Name>
  </Operators>
  <Operators>
    <Name>\bstring\b</Name>
  </Operators>
  <Operators>
    <Name>\bunsigned\b</Name>
  </Operators>
  <Operators>
    <Name>\bvar\b</Name>
  </Operators>
  <Operators>
    <Name>\bvoid\b</Name>
  </Operators>
  <Operators>
    <Name>\bwhile\b</Name>
  </Operators>
</NewDataSet>