<?xml version="1.0" standalone="yes"?>
<NewDataSet>
  <Operators>
    <Name>\bblockquote\b</Name>
  </Operators>
  <Operators>
    <Name>\bfigcaption\b</Name>
  </Operators>
  <Operators>
    <Name>\bplaintext\b</Name>
  </Operators>
  <Operators>
    <Name>\b!DOCTYPE\b</Name>
  </Operators>
  <Operators>
    <Name>\bbasefont\b</Name>
  </Operators>
  <Operators>
    <Name>\bcolgroup\b</Name>
  </Operators>
  <Operators>
    <Name>\bdatalist\b</Name>
  </Operators>
  <Operators>
    <Name>\bfieldset\b</Name>
  </Operators>
  <Operators>
    <Name>\bframeset\b</Name>
  </Operators>
  <Operators>
    <Name>\bmulticol\b</Name>
  </Operators>
  <Operators>
    <Name>\bnoframes\b</Name>
  </Operators>
  <Operators>
    <Name>\bnoscript\b</Name>
  </Operators>
  <Operators>
    <Name>\boptgroup\b</Name>
  </Operators>
  <Operators>
    <Name>\bprogress\b</Name>
  </Operators>
  <Operators>
    <Name>\btextarea\b</Name>
  </Operators>
  <Operators>
    <Name>\bacronym\b</Name>
  </Operators>
  <Operators>
    <Name>\baddress\b</Name>
  </Operators>
  <Operators>
    <Name>\barticle\b</Name>
  </Operators>
  <Operators>
    <Name>\bbgsound\b</Name>
  </Operators>
  <Operators>
    <Name>\bcaption\b</Name>
  </Operators>
  <Operators>
    <Name>\bcommand\b</Name>
  </Operators>
  <Operators>
    <Name>\bcomment\b</Name>
  </Operators>
  <Operators>
    <Name>\bdetails\b</Name>
  </Operators>
  <Operators>
    <Name>\bisindex\b</Name>
  </Operators>
  <Operators>
    <Name>\blisting\b</Name>
  </Operators>
  <Operators>
    <Name>\bmarquee\b</Name>
  </Operators>
  <Operators>
    <Name>\bnoembed\b</Name>
  </Operators>
  <Operators>
    <Name>\bsection\b</Name>
  </Operators>
  <Operators>
    <Name>\bsummary\b</Name>
  </Operators>
  <Operators>
    <Name>\bapplet\b</Name>
  </Operators>
  <Operators>
    <Name>\bbutton\b</Name>
  </Operators>
  <Operators>
    <Name>\bcanvas\b</Name>
  </Operators>
  <Operators>
    <Name>\bcenter\b</Name>
  </Operators>
  <Operators>
    <Name>\bfigure\b</Name>
  </Operators>
  <Operators>
    <Name>\bfooter\b</Name>
  </Operators>
  <Operators>
    <Name>\bheader\b</Name>
  </Operators>
  <Operators>
    <Name>\bhgroup\b</Name>
  </Operators>
  <Operators>
    <Name>\biframe\b</Name>
  </Operators>
  <Operators>
    <Name>\bkeygen\b</Name>
  </Operators>
  <Operators>
    <Name>\blegend\b</Name>
  </Operators>
  <Operators>
    <Name>\bobject\b</Name>
  </Operators>
  <Operators>
    <Name>\boption\b</Name>
  </Operators>
  <Operators>
    <Name>\boutput\b</Name>
  </Operators>
  <Operators>
    <Name>\bscript\b</Name>
  </Operators>
  <Operators>
    <Name>\bselect\b</Name>
  </Operators>
  <Operators>
    <Name>\bsource\b</Name>
  </Operators>
  <Operators>
    <Name>\bspacer\b</Name>
  </Operators>
  <Operators>
    <Name>\bstrike\b</Name>
  </Operators>
  <Operators>
    <Name>\bstrong\b</Name>
  </Operators>
  <Operators>
    <Name>\baside\b</Name>
  </Operators>
  <Operators>
    <Name>\baudio\b</Name>
  </Operators>
  <Operators>
    <Name>\bblink\b</Name>
  </Operators>
  <Operators>
    <Name>\bembed\b</Name>
  </Operators>
  <Operators>
    <Name>\bframe\b</Name>
  </Operators>
  <Operators>
    <Name>\binput\b</Name>
  </Operators>
  <Operators>
    <Name>\blabel\b</Name>
  </Operators>
  <Operators>
    <Name>\bmeter\b</Name>
  </Operators>
  <Operators>
    <Name>\bparam\b</Name>
  </Operators>
  <Operators>
    <Name>\bsmall\b</Name>
  </Operators>
  <Operators>
    <Name>\bstyle\b</Name>
  </Operators>
  <Operators>
    <Name>\btable\b</Name>
  </Operators>
  <Operators>
    <Name>\btbody\b</Name>
  </Operators>
  <Operators>
    <Name>\btfoot\b</Name>
  </Operators>
  <Operators>
    <Name>\bthead\b</Name>
  </Operators>
  <Operators>
    <Name>\btitle\b</Name>
  </Operators>
  <Operators>
    <Name>\btrack\b</Name>
  </Operators>
  <Operators>
    <Name>\bvideo\b</Name>
  </Operators>
  <Operators>
    <Name>\babbr\b</Name>
  </Operators>
  <Operators>
    <Name>\barea\b</Name>
  </Operators>
  <Operators>
    <Name>\bbase\b</Name>
  </Operators>
  <Operators>
    <Name>\bbody\b</Name>
  </Operators>
  <Operators>
    <Name>\bcite\b</Name>
  </Operators>
  <Operators>
    <Name>\bcode\b</Name>
  </Operators>
  <Operators>
    <Name>\bfont\b</Name>
  </Operators>
  <Operators>
    <Name>\bform\b</Name>
  </Operators>
  <Operators>
    <Name>\bhead\b</Name>
  </Operators>
  <Operators>
    <Name>\bhtml\b</Name>
  </Operators>
  <Operators>
    <Name>\blink\b</Name>
  </Operators>
  <Operators>
    <Name>\bmain\b</Name>
  </Operators>
  <Operators>
    <Name>\bmark\b</Name>
  </Operators>
  <Operators>
    <Name>\bmenu\b</Name>
  </Operators>
  <Operators>
    <Name>\bmeta\b</Name>
  </Operators>
  <Operators>
    <Name>\bnobr\b</Name>
  </Operators>
  <Operators>
    <Name>\bruby\b</Name>
  </Operators>
  <Operators>
    <Name>\bsamp\b</Name>
  </Operators>
  <Operators>
    <Name>\bspan\b</Name>
  </Operators>
  <Operators>
    <Name>\btime\b</Name>
  </Operators>
  <Operators>
    <Name>\bbdi\b</Name>
  </Operators>
  <Operators>
    <Name>\bbdo\b</Name>
  </Operators>
  <Operators>
    <Name>\bbig\b</Name>
  </Operators>
  <Operators>
    <Name>\bcol\b</Name>
  </Operators>
  <Operators>
    <Name>\bdel\b</Name>
  </Operators>
  <Operators>
    <Name>\bdfn\b</Name>
  </Operators>
  <Operators>
    <Name>\bdir\b</Name>
  </Operators>
  <Operators>
    <Name>\bdiv\b</Name>
  </Operators>
  <Operators>
    <Name>\bimg\b</Name>
  </Operators>
  <Operators>
    <Name>\bins\b</Name>
  </Operators>
  <Operators>
    <Name>\bkbd\b</Name>
  </Operators>
  <Operators>
    <Name>\bmap\b</Name>
  </Operators>
  <Operators>
    <Name>\bnav\b</Name>
  </Operators>
  <Operators>
    <Name>\bpre\b</Name>
  </Operators>
  <Operators>
    <Name>\bsub\b</Name>
  </Operators>
  <Operators>
    <Name>\bsup\b</Name>
  </Operators>
  <Operators>
    <Name>\bvar\b</Name>
  </Operators>
  <Operators>
    <Name>\bwbr\b</Name>
  </Operators>
  <Operators>
    <Name>\bxmp\b</Name>
  </Operators>
  <Operators>
    <Name>\bbr\b</Name>
  </Operators>
  <Operators>
    <Name>\bdd\b</Name>
  </Operators>
  <Operators>
    <Name>\bdl\b</Name>
  </Operators>
  <Operators>
    <Name>\bdt\b</Name>
  </Operators>
  <Operators>
    <Name>\bem\b</Name>
  </Operators>
  <Operators>
    <Name>\bh1\b</Name>
  </Operators>
  <Operators>
    <Name>\bh2\b</Name>
  </Operators>
  <Operators>
    <Name>\bh3\b</Name>
  </Operators>
  <Operators>
    <Name>\bh4\b</Name>
  </Operators>
  <Operators>
    <Name>\bh5\b</Name>
  </Operators>
  <Operators>
    <Name>\bh6\b</Name>
  </Operators>
  <Operators>
    <Name>\bhr\b</Name>
  </Operators>
  <Operators>
    <Name>\bli\b</Name>
  </Operators>
  <Operators>
    <Name>\bol\b</Name>
  </Operators>
  <Operators>
    <Name>\brp\b</Name>
  </Operators>
  <Operators>
    <Name>\brt\b</Name>
  </Operators>
  <Operators>
    <Name>\btd\b</Name>
  </Operators>
  <Operators>
    <Name>\bth\b</Name>
  </Operators>
  <Operators>
    <Name>\btr\b</Name>
  </Operators>
  <Operators>
    <Name>\btt\b</Name>
  </Operators>
  <Operators>
    <Name>\bul\b</Name>
  </Operators>
  <Operators>
    <Name>\ba\b</Name>
  </Operators>
  <Operators>
    <Name>\bb\b</Name>
  </Operators>
  <Operators>
    <Name>\bi\b</Name>
  </Operators>
  <Operators>
    <Name>\bp\b</Name>
  </Operators>
  <Operators>
    <Name>\bq\b</Name>
  </Operators>
  <Operators>
    <Name>\bs\b</Name>
  </Operators>
  <Operators>
    <Name>\bu\b</Name>
  </Operators>
  <Operators>
    <Name>&lt;!</Name>
  </Operators>
  <Operators>
    <Name>&lt;</Name>
  </Operators>
  <Operators>
    <Name>/&gt;</Name>
  </Operators>
  <Operators>
    <Name>&gt;</Name>
  </Operators>
</NewDataSet>