<?xml version="1.0" standalone="yes"?>
<NewDataSet>
  <Operators>
    <Name>\bsynchronized\b</Name>
  </Operators>
  <Operators>
    <Name>\bimplements\b</Name>
  </Operators>
  <Operators>
    <Name>\binstanceof\b</Name>
  </Operators>
  <Operators>
    <Name>\binterface\b</Name>
  </Operators>
  <Operators>
    <Name>\bprotected\b</Name>
  </Operators>
  <Operators>
    <Name>\btransient\b</Name>
  </Operators>
  <Operators>
    <Name>\babstract\b</Name>
  </Operators>
  <Operators>
    <Name>\bcontinue\b</Name>
  </Operators>
  <Operators>
    <Name>\bdebugger\b</Name>
  </Operators>
  <Operators>
    <Name>\bfunction\b</Name>
  </Operators>
  <Operators>
    <Name>\bvolatile\b</Name>
  </Operators>
  <Operators>
    <Name>\bboolean\b</Name>
  </Operators>
  <Operators>
    <Name>\bdefault\b</Name>
  </Operators>
  <Operators>
    <Name>\bextends\b</Name>
  </Operators>
  <Operators>
    <Name>\bfinally\b</Name>
  </Operators>
  <Operators>
    <Name>\bpackage\b</Name>
  </Operators>
  <Operators>
    <Name>\bprivate\b</Name>
  </Operators>
  <Operators>
    <Name>\bdelete\b</Name>
  </Operators>
  <Operators>
    <Name>\bdouble\b</Name>
  </Operators>
  <Operators>
    <Name>\bexport\b</Name>
  </Operators>
  <Operators>
    <Name>\bimport\b</Name>
  </Operators>
  <Operators>
    <Name>\bnative\b</Name>
  </Operators>
  <Operators>
    <Name>\bpublic\b</Name>
  </Operators>
  <Operators>
    <Name>\breturn\b</Name>
  </Operators>
  <Operators>
    <Name>\bstatic\b</Name>
  </Operators>
  <Operators>
    <Name>\bswitch\b</Name>
  </Operators>
  <Operators>
    <Name>\bthrows\b</Name>
  </Operators>
  <Operators>
    <Name>\btypeof\b</Name>
  </Operators>
  <Operators>
    <Name>\bbreak\b</Name>
  </Operators>
  <Operators>
    <Name>\bcatch\b</Name>
  </Operators>
  <Operators>
    <Name>\bclass\b</Name>
  </Operators>
  <Operators>
    <Name>\bclear\b</Name>
  </Operators>
  <Operators>
    <Name>\bconst\b</Name>
  </Operators>
  <Operators>
    <Name>\bfalse\b</Name>
  </Operators>
  <Operators>
    <Name>\bfinal\b</Name>
  </Operators>
  <Operators>
    <Name>\bfloat\b</Name>
  </Operators>
  <Operators>
    <Name>\bshort\b</Name>
  </Operators>
  <Operators>
    <Name>\bsuper\b</Name>
  </Operators>
  <Operators>
    <Name>\bthrow\b</Name>
  </Operators>
  <Operators>
    <Name>\bwhile\b</Name>
  </Operators>
  <Operators>
    <Name>\bbyte\b</Name>
  </Operators>
  <Operators>
    <Name>\bcase\b</Name>
  </Operators>
  <Operators>
    <Name>\bchar\b</Name>
  </Operators>
  <Operators>
    <Name>\belse\b</Name>
  </Operators>
  <Operators>
    <Name>\benum\b</Name>
  </Operators>
  <Operators>
    <Name>\bgoto\b</Name>
  </Operators>
  <Operators>
    <Name>\blong\b</Name>
  </Operators>
  <Operators>
    <Name>\bnull\b</Name>
  </Operators>
  <Operators>
    <Name>\bthis\b</Name>
  </Operators>
  <Operators>
    <Name>\btrue\b</Name>
  </Operators>
  <Operators>
    <Name>\bvoid\b</Name>
  </Operators>
  <Operators>
    <Name>\bwith\b</Name>
  </Operators>
  <Operators>
    <Name>\bfor\b</Name>
  </Operators>
  <Operators>
    <Name>\bint\b</Name>
  </Operators>
  <Operators>
    <Name>\bnew\b</Name>
  </Operators>
  <Operators>
    <Name>\btry\b</Name>
  </Operators>
  <Operators>
    <Name>\bvar\b</Name>
  </Operators>
  <Operators>
    <Name>\bdo\b</Name>
  </Operators>
  <Operators>
    <Name>\bif\b</Name>
  </Operators>
  <Operators>
    <Name>\bin\b</Name>
  </Operators>
</NewDataSet>