<?xml version="1.0" standalone="yes"?>
<NewDataSet>
  <Operators>
    <Name>\b__halt_compiler\b</Name>
  </Operators>
  <Operators>
    <Name>\b__NAMESPACE__\b</Name>
  </Operators>
  <Operators>
    <Name>\b__FUNCTION__\b</Name>
  </Operators>
  <Operators>
    <Name>\binclude_once\b</Name>
  </Operators>
  <Operators>
    <Name>\brequire_once\b</Name>
  </Operators>
  <Operators>
    <Name>\b__METHOD__\b</Name>
  </Operators>
  <Operators>
    <Name>\benddeclare\b</Name>
  </Operators>
  <Operators>
    <Name>\bendforeach\b</Name>
  </Operators>
  <Operators>
    <Name>\bimplements\b</Name>
  </Operators>
  <Operators>
    <Name>\binstanceof\b</Name>
  </Operators>
  <Operators>
    <Name>\b__CLASS__\b</Name>
  </Operators>
  <Operators>
    <Name>\b__TRAIT__\b</Name>
  </Operators>
  <Operators>
    <Name>\bendswitch\b</Name>
  </Operators>
  <Operators>
    <Name>\binsteadof\b</Name>
  </Operators>
  <Operators>
    <Name>\binterface\b</Name>
  </Operators>
  <Operators>
    <Name>\bnamespace\b</Name>
  </Operators>
  <Operators>
    <Name>\bprotected\b</Name>
  </Operators>
  <Operators>
    <Name>\b__FILE__\b</Name>
  </Operators>
  <Operators>
    <Name>\b__LINE__\b</Name>
  </Operators>
  <Operators>
    <Name>\babstract\b</Name>
  </Operators>
  <Operators>
    <Name>\bcallable\b</Name>
  </Operators>
  <Operators>
    <Name>\bcontinue\b</Name>
  </Operators>
  <Operators>
    <Name>\bendwhile\b</Name>
  </Operators>
  <Operators>
    <Name>\bfunction\b</Name>
  </Operators>
  <Operators>
    <Name>\b__DIR__\b</Name>
  </Operators>
  <Operators>
    <Name>\bdeclare\b</Name>
  </Operators>
  <Operators>
    <Name>\bdefault\b</Name>
  </Operators>
  <Operators>
    <Name>\bextends\b</Name>
  </Operators>
  <Operators>
    <Name>\bfinally\b</Name>
  </Operators>
  <Operators>
    <Name>\bforeach\b</Name>
  </Operators>
  <Operators>
    <Name>\binclude\b</Name>
  </Operators>
  <Operators>
    <Name>\bprivate\b</Name>
  </Operators>
  <Operators>
    <Name>\brequire\b</Name>
  </Operators>
  <Operators>
    <Name>\belseif\b</Name>
  </Operators>
  <Operators>
    <Name>\bendfor\b</Name>
  </Operators>
  <Operators>
    <Name>\bglobal\b</Name>
  </Operators>
  <Operators>
    <Name>\bpublic\b</Name>
  </Operators>
  <Operators>
    <Name>\breturn\b</Name>
  </Operators>
  <Operators>
    <Name>\bstatic\b</Name>
  </Operators>
  <Operators>
    <Name>\bswitch\b</Name>
  </Operators>
  <Operators>
    <Name>\barray\b</Name>
  </Operators>
  <Operators>
    <Name>\bbreak\b</Name>
  </Operators>
  <Operators>
    <Name>\bcatch\b</Name>
  </Operators>
  <Operators>
    <Name>\bclass\b</Name>
  </Operators>
  <Operators>
    <Name>\bclone\b</Name>
  </Operators>
  <Operators>
    <Name>\bconst\b</Name>
  </Operators>
  <Operators>
    <Name>\bempty\b</Name>
  </Operators>
  <Operators>
    <Name>\bendif\b</Name>
  </Operators>
  <Operators>
    <Name>\bfinal\b</Name>
  </Operators>
  <Operators>
    <Name>\bisset\b</Name>
  </Operators>
  <Operators>
    <Name>\bprint\b</Name>
  </Operators>
  <Operators>
    <Name>\bthrow\b</Name>
  </Operators>
  <Operators>
    <Name>\btrait\b</Name>
  </Operators>
  <Operators>
    <Name>\bunset\b</Name>
  </Operators>
  <Operators>
    <Name>\bwhile\b</Name>
  </Operators>
  <Operators>
    <Name>\byield\b</Name>
  </Operators>
  <Operators>
    <Name>\bcase\b</Name>
  </Operators>
  <Operators>
    <Name>\becho\b</Name>
  </Operators>
  <Operators>
    <Name>\belse\b</Name>
  </Operators>
  <Operators>
    <Name>\beval\b</Name>
  </Operators>
  <Operators>
    <Name>\bexit\b</Name>
  </Operators>
  <Operators>
    <Name>\bgoto\b</Name>
  </Operators>
  <Operators>
    <Name>\blist\b</Name>
  </Operators>
  <Operators>
    <Name>\band\b</Name>
  </Operators>
  <Operators>
    <Name>\bdie\b</Name>
  </Operators>
  <Operators>
    <Name>\bfor\b</Name>
  </Operators>
  <Operators>
    <Name>\bnew\b</Name>
  </Operators>
  <Operators>
    <Name>\btry\b</Name>
  </Operators>
  <Operators>
    <Name>\buse\b</Name>
  </Operators>
  <Operators>
    <Name>\bvar\b</Name>
  </Operators>
  <Operators>
    <Name>\bxor\b</Name>
  </Operators>
  <Operators>
    <Name>\bas\b</Name>
  </Operators>
  <Operators>
    <Name>\bdo\b</Name>
  </Operators>
  <Operators>
    <Name>\bif\b</Name>
  </Operators>
  <Operators>
    <Name>\bor\b</Name>
  </Operators>
  <Operators>
    <Name>&lt;\?</Name>
  </Operators>
  <Operators>
    <Name>\?&gt;</Name>
  </Operators>
</NewDataSet>