<?xml version="1.0" standalone="yes"?>
<NewDataSet>
  <Operators>
    <Name>\bCURRENT_TRANSFORM_GROUP_FOR_TYPE\b</Name>
  </Operators>
  <Operators>
    <Name>\bCURRENT_DEFAULT_TRANSFORM_GROUP\b</Name>
  </Operators>
  <Operators>
    <Name>\bDATETIME_INTERVAL_PRECISION\b</Name>
  </Operators>
  <Operators>
    <Name>\bPARAMETER_ORDINAL_POSITION\b</Name>
  </Operators>
  <Operators>
    <Name>\bPARAMETER_SPECIFIC_CATALOG\b</Name>
  </Operators>
  <Operators>
    <Name>\bPARAMETER_SPECIFIC_SCHEMA\b</Name>
  </Operators>
  <Operators>
    <Name>\bUSER_DEFINED_TYPE_CATALOG\b</Name>
  </Operators>
  <Operators>
    <Name>\bTRANSACTIONS_ROLLED_BACK\b</Name>
  </Operators>
  <Operators>
    <Name>\bUSER_DEFINED_TYPE_SCHEMA\b</Name>
  </Operators>
  <Operators>
    <Name>\bPARAMETER_SPECIFIC_NAME\b</Name>
  </Operators>
  <Operators>
    <Name>\bDATETIME_INTERVAL_CODE\b</Name>
  </Operators>
  <Operators>
    <Name>\bTRANSACTIONS_COMMITTED\b</Name>
  </Operators>
  <Operators>
    <Name>\bUSER_DEFINED_TYPE_CODE\b</Name>
  </Operators>
  <Operators>
    <Name>\bUSER_DEFINED_TYPE_NAME\b</Name>
  </Operators>
  <Operators>
    <Name>\bCOMMAND_FUNCTION_CODE\b</Name>
  </Operators>
  <Operators>
    <Name>\bCHARACTER_SET_CATALOG\b</Name>
  </Operators>
  <Operators>
    <Name>\bDYNAMIC_FUNCTION_CODE\b</Name>
  </Operators>
  <Operators>
    <Name>\bRETURNED_OCTET_LENGTH\b</Name>
  </Operators>
  <Operators>
    <Name>\bCHARACTER_SET_SCHEMA\b</Name>
  </Operators>
  <Operators>
    <Name>\bMESSAGE_OCTET_LENGTH\b</Name>
  </Operators>
  <Operators>
    <Name>\bRETURNED_CARDINALITY\b</Name>
  </Operators>
  <Operators>
    <Name>\bCONSTRAINT_CATALOG\b</Name>
  </Operators>
  <Operators>
    <Name>\bCHARACTER_SET_NAME\b</Name>
  </Operators>
  <Operators>
    <Name>\bTRANSACTION_ACTIVE\b</Name>
  </Operators>
  <Operators>
    <Name>\bCOLLATION_CATALOG\b</Name>
  </Operators>
  <Operators>
    <Name>\bCONSTRAINT_SCHEMA\b</Name>
  </Operators>
  <Operators>
    <Name>\bCURRENT_TIMESTAMP\b</Name>
  </Operators>
  <Operators>
    <Name>\bRETURNED_SQLSTATE\b</Name>
  </Operators>
  <Operators>
    <Name>\bCOLLATION_SCHEMA\b</Name>
  </Operators>
  <Operators>
    <Name>\bCONDITION_NUMBER\b</Name>
  </Operators>
  <Operators>
    <Name>\bCHARACTER_LENGTH\b</Name>
  </Operators>
  <Operators>
    <Name>\bDYNAMIC_FUNCTION\b</Name>
  </Operators>
  <Operators>
    <Name>\bCOMMAND_FUNCTION\b</Name>
  </Operators>
  <Operators>
    <Name>\bCONNECTION_NAME\b</Name>
  </Operators>
  <Operators>
    <Name>\bCONSTRAINT_NAME\b</Name>
  </Operators>
  <Operators>
    <Name>\bCHARACTERISTICS\b</Name>
  </Operators>
  <Operators>
    <Name>\bPERCENTILE_CONT\b</Name>
  </Operators>
  <Operators>
    <Name>\bPERCENTILE_DISC\b</Name>
  </Operators>
  <Operators>
    <Name>\bRETURNED_LENGTH\b</Name>
  </Operators>
  <Operators>
    <Name>\bROUTINE_CATALOG\b</Name>
  </Operators>
  <Operators>
    <Name>\bSUBCLASS_ORIGIN\b</Name>
  </Operators>
  <Operators>
    <Name>\bTIMEZONE_MINUTE\b</Name>
  </Operators>
  <Operators>
    <Name>\bTRIGGER_CATALOG\b</Name>
  </Operators>
  <Operators>
    <Name>\bTOP_LEVEL_COUNT\b</Name>
  </Operators>
  <Operators>
    <Name>\bCOLLATION_NAME\b</Name>
  </Operators>
  <Operators>
    <Name>\bIMPLEMENTATION\b</Name>
  </Operators>
  <Operators>
    <Name>\bLOCALTIMESTAMP\b</Name>
  </Operators>
  <Operators>
    <Name>\bMESSAGE_LENGTH\b</Name>
  </Operators>
  <Operators>
    <Name>\bPARAMETER_MODE\b</Name>
  </Operators>
  <Operators>
    <Name>\bPARAMETER_NAME\b</Name>
  </Operators>
  <Operators>
    <Name>\bREGR_INTERCEPT\b</Name>
  </Operators>
  <Operators>
    <Name>\bROUTINE_SCHEMA\b</Name>
  </Operators>
  <Operators>
    <Name>\bTRIGGER_SCHEMA\b</Name>
  </Operators>
  <Operators>
    <Name>\bAUTHORIZATION\b</Name>
  </Operators>
  <Operators>
    <Name>\bCORRESPONDING\b</Name>
  </Operators>
  <Operators>
    <Name>\bDETERMINISTIC\b</Name>
  </Operators>
  <Operators>
    <Name>\bINTERSECTI ON\b</Name>
  </Operators>
  <Operators>
    <Name>\bSCOPE_CATALOG\b</Name>
  </Operators>
  <Operators>
    <Name>\bSPECIFIC_NAME\b</Name>
  </Operators>
  <Operators>
    <Name>\bTIMEZONE_HOUR\b</Name>
  </Operators>
  <Operators>
    <Name>\bASYMMETRICAT\b</Name>
  </Operators>
  <Operators>
    <Name>\bCATALOG_NAME\b</Name>
  </Operators>
  <Operators>
    <Name>\bCLASS_ORIGIN\b</Name>
  </Operators>
  <Operators>
    <Name>\bCURRENT USER\b</Name>
  </Operators>
  <Operators>
    <Name>\bCURRENT_DATE\b</Name>
  </Operators>
  <Operators>
    <Name>\bCURRENT_PATH\b</Name>
  </Operators>
  <Operators>
    <Name>\bCURRENT_ROLE\b</Name>
  </Operators>
  <Operators>
    <Name>\bCURRENT_TIME\b</Name>
  </Operators>
  <Operators>
    <Name>\bINSTANTIABLE\b</Name>
  </Operators>
  <Operators>
    <Name>\bMESSAGE_TEXT\b</Name>
  </Operators>
  <Operators>
    <Name>\bPERCENT_RANK\b</Name>
  </Operators>
  <Operators>
    <Name>\bROUTINE_NAME\b</Name>
  </Operators>
  <Operators>
    <Name>\bSCOPE_SCHEMA\b</Name>
  </Operators>
  <Operators>
    <Name>\bSERIALIZABLE\b</Name>
  </Operators>
  <Operators>
    <Name>\bSESSION_USER\b</Name>
  </Operators>
  <Operators>
    <Name>\bSPECIFICTYPE\b</Name>
  </Operators>
  <Operators>
    <Name>\bSQLEXCEPTION\b</Name>
  </Operators>
  <Operators>
    <Name>\bTRIGGER_NAME\b</Name>
  </Operators>
  <Operators>
    <Name>\bWIDTH_BUCKET\b</Name>
  </Operators>
  <Operators>
    <Name>\bOCTET_LENGTH\b</Name>
  </Operators>
  <Operators>
    <Name>\bCARDINALITY\b</Name>
  </Operators>
  <Operators>
    <Name>\bCOLUMN_NAME\b</Name>
  </Operators>
  <Operators>
    <Name>\bCONSTRAINTS\b</Name>
  </Operators>
  <Operators>
    <Name>\bCONSTRUCTOR\b</Name>
  </Operators>
  <Operators>
    <Name>\bCURSOR_NAME\b</Name>
  </Operators>
  <Operators>
    <Name>\bDIAGNOSTICS\b</Name>
  </Operators>
  <Operators>
    <Name>\bINSENSITIVE\b</Name>
  </Operators>
  <Operators>
    <Name>\bREFERENCING\b</Name>
  </Operators>
  <Operators>
    <Name>\bSERVER_NAME\b</Name>
  </Operators>
  <Operators>
    <Name>\bSTDDEV_SAMP\b</Name>
  </Operators>
  <Operators>
    <Name>\bSUBMULTISET\b</Name>
  </Operators>
  <Operators>
    <Name>\bSYSTEM_USER\b</Name>
  </Operators>
  <Operators>
    <Name>\bSCHEMA_NAME\b</Name>
  </Operators>
  <Operators>
    <Name>\bTABLESAMPLE\b</Name>
  </Operators>
  <Operators>
    <Name>\bTRANSACTION\b</Name>
  </Operators>
  <Operators>
    <Name>\bTRANSLATION\b</Name>
  </Operators>
  <Operators>
    <Name>\bUNCOMMITTED\b</Name>
  </Operators>
  <Operators>
    <Name>\bCHAR_LENGTH\b</Name>
  </Operators>
  <Operators>
    <Name>\bASENSITIVE\b</Name>
  </Operators>
  <Operators>
    <Name>\bASSIGNMENT\b</Name>
  </Operators>
  <Operators>
    <Name>\bATTRIBUTES\b</Name>
  </Operators>
  <Operators>
    <Name>\bCONNECTION\b</Name>
  </Operators>
  <Operators>
    <Name>\bCONSTRAINT\b</Name>
  </Operators>
  <Operators>
    <Name>\bCOVAR_SAMP\b</Name>
  </Operators>
  <Operators>
    <Name>\bCHARACTERS\b</Name>
  </Operators>
  <Operators>
    <Name>\bDEALLOCATE\b</Name>
  </Operators>
  <Operators>
    <Name>\bDEFERRABLE\b</Name>
  </Operators>
  <Operators>
    <Name>\bDENSE_RANK\b</Name>
  </Operators>
  <Operators>
    <Name>\bDESCRIPTOR\b</Name>
  </Operators>
  <Operators>
    <Name>\bDISCONNECT\b</Name>
  </Operators>
  <Operators>
    <Name>\bNORMALIZED\b</Name>
  </Operators>
  <Operators>
    <Name>\bORDINALITY\b</Name>
  </Operators>
  <Operators>
    <Name>\bOVERRIDING\b</Name>
  </Operators>
  <Operators>
    <Name>\bPRIVILEGES\b</Name>
  </Operators>
  <Operators>
    <Name>\bREFERENCES\b</Name>
  </Operators>
  <Operators>
    <Name>\bREGR_COUNT\b</Name>
  </Operators>
  <Operators>
    <Name>\bREGR_SLOPE\b</Name>
  </Operators>
  <Operators>
    <Name>\bREPEATABLE\b</Name>
  </Operators>
  <Operators>
    <Name>\bROW_NUMBER\b</Name>
  </Operators>
  <Operators>
    <Name>\bSCOPE_NAME\b</Name>
  </Operators>
  <Operators>
    <Name>\bSQLWARNING\b</Name>
  </Operators>
  <Operators>
    <Name>\bSTDDEV_POP\b</Name>
  </Operators>
  <Operators>
    <Name>\bTRANSFORMS\b</Name>
  </Operators>
  <Operators>
    <Name>\bKEY_MEMBER\b</Name>
  </Operators>
  <Operators>
    <Name>\bCUME_ DIST\b</Name>
  </Operators>
  <Operators>
    <Name>\bTABLE_NAME\b</Name>
  </Operators>
  <Operators>
    <Name>\bASSERTION\b</Name>
  </Operators>
  <Operators>
    <Name>\bATTRIBUTE\b</Name>
  </Operators>
  <Operators>
    <Name>\bBERNOULLI\b</Name>
  </Operators>
  <Operators>
    <Name>\bCOLLATION\b</Name>
  </Operators>
  <Operators>
    <Name>\bCOMMITTED\b</Name>
  </Operators>
  <Operators>
    <Name>\bCONDITION\b</Name>
  </Operators>
  <Operators>
    <Name>\bCOVAR_POP\b</Name>
  </Operators>
  <Operators>
    <Name>\bCHARACTER\b</Name>
  </Operators>
  <Operators>
    <Name>\bEXCEPTION\b</Name>
  </Operators>
  <Operators>
    <Name>\bEXCLUDING\b</Name>
  </Operators>
  <Operators>
    <Name>\bFOLLOWING\b</Name>
  </Operators>
  <Operators>
    <Name>\bGENERATED\b</Name>
  </Operators>
  <Operators>
    <Name>\bINCLUDING\b</Name>
  </Operators>
  <Operators>
    <Name>\bINCREMENT\b</Name>
  </Operators>
  <Operators>
    <Name>\bINDICATOR\b</Name>
  </Operators>
  <Operators>
    <Name>\bINITIALLY\b</Name>
  </Operators>
  <Operators>
    <Name>\bINTERSECT\b</Name>
  </Operators>
  <Operators>
    <Name>\bISOLATION\b</Name>
  </Operators>
  <Operators>
    <Name>\bIMMEDIATE\b</Name>
  </Operators>
  <Operators>
    <Name>\bLOCALTIME\b</Name>
  </Operators>
  <Operators>
    <Name>\bNORMALIZE\b</Name>
  </Operators>
  <Operators>
    <Name>\bPARAMETER\b</Name>
  </Operators>
  <Operators>
    <Name>\bPARTITION\b</Name>
  </Operators>
  <Operators>
    <Name>\bPRECEDING\b</Name>
  </Operators>
  <Operators>
    <Name>\bPRECISION\b</Name>
  </Operators>
  <Operators>
    <Name>\bPROCEDURE\b</Name>
  </Operators>
  <Operators>
    <Name>\bRECURSIVE\b</Name>
  </Operators>
  <Operators>
    <Name>\bREGR_AVGX\b</Name>
  </Operators>
  <Operators>
    <Name>\bREGR_AVGY\b</Name>
  </Operators>
  <Operators>
    <Name>\bROW_COUNT\b</Name>
  </Operators>
  <Operators>
    <Name>\bSAVEPOINT\b</Name>
  </Operators>
  <Operators>
    <Name>\bSENSITIVE\b</Name>
  </Operators>
  <Operators>
    <Name>\bSTATEMENT\b</Name>
  </Operators>
  <Operators>
    <Name>\bSUBSTRING\b</Name>
  </Operators>
  <Operators>
    <Name>\bSYMMETRIC\b</Name>
  </Operators>
  <Operators>
    <Name>\bSTRUCTURE\b</Name>
  </Operators>
  <Operators>
    <Name>\bTEMPORARY\b</Name>
  </Operators>
  <Operators>
    <Name>\bTIMESTAMP\b</Name>
  </Operators>
  <Operators>
    <Name>\bTRANSFORM\b</Name>
  </Operators>
  <Operators>
    <Name>\bTRANSLATE\b</Name>
  </Operators>
  <Operators>
    <Name>\bUNBOUNDED\b</Name>
  </Operators>
  <Operators>
    <Name>\bABSOLUTE\b</Name>
  </Operators>
  <Operators>
    <Name>\bALLOCATE\b</Name>
  </Operators>
  <Operators>
    <Name>\bCASCADED\b</Name>
  </Operators>
  <Operators>
    <Name>\bCOALESCE\b</Name>
  </Operators>
  <Operators>
    <Name>\bCONTAINS\b</Name>
  </Operators>
  <Operators>
    <Name>\bCONTINUE\b</Name>
  </Operators>
  <Operators>
    <Name>\bDEFAULTS\b</Name>
  </Operators>
  <Operators>
    <Name>\bDEFERRED\b</Name>
  </Operators>
  <Operators>
    <Name>\bDESCRIBE\b</Name>
  </Operators>
  <Operators>
    <Name>\bDISPATCH\b</Name>
  </Operators>
  <Operators>
    <Name>\bDISTINCT\b</Name>
  </Operators>
  <Operators>
    <Name>\bEND-EXEC\b</Name>
  </Operators>
  <Operators>
    <Name>\bEXTERNAL\b</Name>
  </Operators>
  <Operators>
    <Name>\bFUNCTION\b</Name>
  </Operators>
  <Operators>
    <Name>\bGROUPING\b</Name>
  </Operators>
  <Operators>
    <Name>\bIDENTITY\b</Name>
  </Operators>
  <Operators>
    <Name>\bINSTANCE\b</Name>
  </Operators>
  <Operators>
    <Name>\bINTERVAL\b</Name>
  </Operators>
  <Operators>
    <Name>\bLANGUAGE\b</Name>
  </Operators>
  <Operators>
    <Name>\bMINVALUE\b</Name>
  </Operators>
  <Operators>
    <Name>\bMODIFIES\b</Name>
  </Operators>
  <Operators>
    <Name>\bNATIONAL\b</Name>
  </Operators>
  <Operators>
    <Name>\bNULLABLE\b</Name>
  </Operators>
  <Operators>
    <Name>\bORDERING\b</Name>
  </Operators>
  <Operators>
    <Name>\bOVERLAPS\b</Name>
  </Operators>
  <Operators>
    <Name>\bPOSITION\b</Name>
  </Operators>
  <Operators>
    <Name>\bPRESERVE\b</Name>
  </Operators>
  <Operators>
    <Name>\bREGR_SXX\b</Name>
  </Operators>
  <Operators>
    <Name>\bREGR_SXY\b</Name>
  </Operators>
  <Operators>
    <Name>\bREGR_SYY\b</Name>
  </Operators>
  <Operators>
    <Name>\bRELATIVE\b</Name>
  </Operators>
  <Operators>
    <Name>\bRESTRICT\b</Name>
  </Operators>
  <Operators>
    <Name>\bROLLBACK\b</Name>
  </Operators>
  <Operators>
    <Name>\bSECURITY\b</Name>
  </Operators>
  <Operators>
    <Name>\bSEQUENCE\b</Name>
  </Operators>
  <Operators>
    <Name>\bSPECIFIC\b</Name>
  </Operators>
  <Operators>
    <Name>\bSQLSTATE\b</Name>
  </Operators>
  <Operators>
    <Name>\bSMALLINT\b</Name>
  </Operators>
  <Operators>
    <Name>\bTRAILING\b</Name>
  </Operators>
  <Operators>
    <Name>\bVAR_SAMP\b</Name>
  </Operators>
  <Operators>
    <Name>\bWHENEVER\b</Name>
  </Operators>
  <Operators>
    <Name>\bKEY_TYPE\b</Name>
  </Operators>
  <Operators>
    <Name>\bMAXVALUE\b</Name>
  </Operators>
  <Operators>
    <Name>\bMULTISET\b</Name>
  </Operators>
  <Operators>
    <Name>\bBETWEEN\b</Name>
  </Operators>
  <Operators>
    <Name>\bBOOLEAN\b</Name>
  </Operators>
  <Operators>
    <Name>\bBREADTH\b</Name>
  </Operators>
  <Operators>
    <Name>\bCASCADE\b</Name>
  </Operators>
  <Operators>
    <Name>\bCATALOG\b</Name>
  </Operators>
  <Operators>
    <Name>\bCEILING\b</Name>
  </Operators>
  <Operators>
    <Name>\bCOLLATE\b</Name>
  </Operators>
  <Operators>
    <Name>\bCOLLECT\b</Name>
  </Operators>
  <Operators>
    <Name>\bCONNECT\b</Name>
  </Operators>
  <Operators>
    <Name>\bCONVERT\b</Name>
  </Operators>
  <Operators>
    <Name>\bCURRENT\b</Name>
  </Operators>
  <Operators>
    <Name>\bDECIMAL\b</Name>
  </Operators>
  <Operators>
    <Name>\bDECLARE\b</Name>
  </Operators>
  <Operators>
    <Name>\bDEFAULT\b</Name>
  </Operators>
  <Operators>
    <Name>\bDEFINED\b</Name>
  </Operators>
  <Operators>
    <Name>\bDEFINER\b</Name>
  </Operators>
  <Operators>
    <Name>\bDERIVED\b</Name>
  </Operators>
  <Operators>
    <Name>\bDYNAMIC\b</Name>
  </Operators>
  <Operators>
    <Name>\bELEMENT\b</Name>
  </Operators>
  <Operators>
    <Name>\bEXCLUDE\b</Name>
  </Operators>
  <Operators>
    <Name>\bEXTRACT\b</Name>
  </Operators>
  <Operators>
    <Name>\bFOREIGN\b</Name>
  </Operators>
  <Operators>
    <Name>\bFORTRAN\b</Name>
  </Operators>
  <Operators>
    <Name>\bGENERAL\b</Name>
  </Operators>
  <Operators>
    <Name>\bGRANTED\b</Name>
  </Operators>
  <Operators>
    <Name>\bINTEGER\b</Name>
  </Operators>
  <Operators>
    <Name>\bINVOKER\b</Name>
  </Operators>
  <Operators>
    <Name>\bLATERAL\b</Name>
  </Operators>
  <Operators>
    <Name>\bLEADING\b</Name>
  </Operators>
  <Operators>
    <Name>\bLOCATOR\b</Name>
  </Operators>
  <Operators>
    <Name>\bNATURAL\b</Name>
  </Operators>
  <Operators>
    <Name>\bNESTING\b</Name>
  </Operators>
  <Operators>
    <Name>\bNUMERIC\b</Name>
  </Operators>
  <Operators>
    <Name>\bOPTIONS\b</Name>
  </Operators>
  <Operators>
    <Name>\bOVERLAY\b</Name>
  </Operators>
  <Operators>
    <Name>\bPARTIAL\b</Name>
  </Operators>
  <Operators>
    <Name>\bPLACING\b</Name>
  </Operators>
  <Operators>
    <Name>\bPREPARE\b</Name>
  </Operators>
  <Operators>
    <Name>\bPRIMARY\b</Name>
  </Operators>
  <Operators>
    <Name>\bREGR_R2\b</Name>
  </Operators>
  <Operators>
    <Name>\bRELEASE\b</Name>
  </Operators>
  <Operators>
    <Name>\bRESTART\b</Name>
  </Operators>
  <Operators>
    <Name>\bRETURNS\b</Name>
  </Operators>
  <Operators>
    <Name>\bROUTINE\b</Name>
  </Operators>
  <Operators>
    <Name>\bSECTION\b</Name>
  </Operators>
  <Operators>
    <Name>\bSESSION\b</Name>
  </Operators>
  <Operators>
    <Name>\bSIMILAR\b</Name>
  </Operators>
  <Operators>
    <Name>\bTRIGGER\b</Name>
  </Operators>
  <Operators>
    <Name>\bUESCAPE\b</Name>
  </Operators>
  <Operators>
    <Name>\bUNNAMED\b</Name>
  </Operators>
  <Operators>
    <Name>\bUNKNOWN\b</Name>
  </Operators>
  <Operators>
    <Name>\bVAR_POP\b</Name>
  </Operators>
  <Operators>
    <Name>\bVARCHAR\b</Name>
  </Operators>
  <Operators>
    <Name>\bVARYING\b</Name>
  </Operators>
  <Operators>
    <Name>\bWITHOUT\b</Name>
  </Operators>
  <Operators>
    <Name>\bEXECUTE\b</Name>
  </Operators>
  <Operators>
    <Name>\bMATCHED\b</Name>
  </Operators>
  <Operators>
    <Name>\bACTION\b</Name>
  </Operators>
  <Operators>
    <Name>\bALWAYS\b</Name>
  </Operators>
  <Operators>
    <Name>\bATOMIC\b</Name>
  </Operators>
  <Operators>
    <Name>\bBEFORE\b</Name>
  </Operators>
  <Operators>
    <Name>\bBINARY\b</Name>
  </Operators>
  <Operators>
    <Name>\bCALLED\b</Name>
  </Operators>
  <Operators>
    <Name>\bCOLUMN\b</Name>
  </Operators>
  <Operators>
    <Name>\bCREATE\b</Name>
  </Operators>
  <Operators>
    <Name>\bCURSOR\b</Name>
  </Operators>
  <Operators>
    <Name>\bDEGREE\b</Name>
  </Operators>
  <Operators>
    <Name>\bDELETE\b</Name>
  </Operators>
  <Operators>
    <Name>\bDOUBLE\b</Name>
  </Operators>
  <Operators>
    <Name>\bDOMAIN\b</Name>
  </Operators>
  <Operators>
    <Name>\bEQUALS\b</Name>
  </Operators>
  <Operators>
    <Name>\bESCAPE\b</Name>
  </Operators>
  <Operators>
    <Name>\bEXISTS\b</Name>
  </Operators>
  <Operators>
    <Name>\bFILTER\b</Name>
  </Operators>
  <Operators>
    <Name>\bFUSION\b</Name>
  </Operators>
  <Operators>
    <Name>\bGLOBAL\b</Name>
  </Operators>
  <Operators>
    <Name>\bINSERT\b</Name>
  </Operators>
  <Operators>
    <Name>\bLENGTH\b</Name>
  </Operators>
  <Operators>
    <Name>\bMEMBER\b</Name>
  </Operators>
  <Operators>
    <Name>\bMETHOD\b</Name>
  </Operators>
  <Operators>
    <Name>\bMINUTE\b</Name>
  </Operators>
  <Operators>
    <Name>\bMODULE\b</Name>
  </Operators>
  <Operators>
    <Name>\bNULLIF\b</Name>
  </Operators>
  <Operators>
    <Name>\bNUMBER\b</Name>
  </Operators>
  <Operators>
    <Name>\bOBJECT\b</Name>
  </Operators>
  <Operators>
    <Name>\bOCTETS\b</Name>
  </Operators>
  <Operators>
    <Name>\bOPTION\b</Name>
  </Operators>
  <Operators>
    <Name>\bPASCAL\b</Name>
  </Operators>
  <Operators>
    <Name>\bPUBLIC\b</Name>
  </Operators>
  <Operators>
    <Name>\bRESULT\b</Name>
  </Operators>
  <Operators>
    <Name>\bRETURN\b</Name>
  </Operators>
  <Operators>
    <Name>\bREVOKE\b</Name>
  </Operators>
  <Operators>
    <Name>\bROLLUP\b</Name>
  </Operators>
  <Operators>
    <Name>\bSCROLL\b</Name>
  </Operators>
  <Operators>
    <Name>\bSEARCH\b</Name>
  </Operators>
  <Operators>
    <Name>\bSECOND\b</Name>
  </Operators>
  <Operators>
    <Name>\bSELECT\b</Name>
  </Operators>
  <Operators>
    <Name>\bSIMPLE\b</Name>
  </Operators>
  <Operators>
    <Name>\bSOURCE\b</Name>
  </Operators>
  <Operators>
    <Name>\bSTATIC\b</Name>
  </Operators>
  <Operators>
    <Name>\bSYSTEM\b</Name>
  </Operators>
  <Operators>
    <Name>\bSCHEMA\b</Name>
  </Operators>
  <Operators>
    <Name>\bUNIQUE\b</Name>
  </Operators>
  <Operators>
    <Name>\bUNNEST\b</Name>
  </Operators>
  <Operators>
    <Name>\bUPDATE\b</Name>
  </Operators>
  <Operators>
    <Name>\bVALUES\b</Name>
  </Operators>
  <Operators>
    <Name>\bWINDOW\b</Name>
  </Operators>
  <Operators>
    <Name>\bWITHIN\b</Name>
  </Operators>
  <Operators>
    <Name>\bBIGINT\b</Name>
  </Operators>
  <Operators>
    <Name>\bEXCEPT\b</Name>
  </Operators>
  <Operators>
    <Name>\bHAVING\b</Name>
  </Operators>
  <Operators>
    <Name>\bOUTPUT\b</Name>
  </Operators>
  <Operators>
    <Name>\bOTHERS\b</Name>
  </Operators>
  <Operators>
    <Name>\bCOMMIT\b</Name>
  </Operators>
  <Operators>
    <Name>\bADMIN\b</Name>
  </Operators>
  <Operators>
    <Name>\bAFTER\b</Name>
  </Operators>
  <Operators>
    <Name>\bALTER\b</Name>
  </Operators>
  <Operators>
    <Name>\bARRAY\b</Name>
  </Operators>
  <Operators>
    <Name>\bBEGIN\b</Name>
  </Operators>
  <Operators>
    <Name>\bCLOSE\b</Name>
  </Operators>
  <Operators>
    <Name>\bCOBOL\b</Name>
  </Operators>
  <Operators>
    <Name>\bCOUNT\b</Name>
  </Operators>
  <Operators>
    <Name>\bCROSS\b</Name>
  </Operators>
  <Operators>
    <Name>\bCYCLE\b</Name>
  </Operators>
  <Operators>
    <Name>\bCHAIN\b</Name>
  </Operators>
  <Operators>
    <Name>\bDEPTH\b</Name>
  </Operators>
  <Operators>
    <Name>\bDEREF\b</Name>
  </Operators>
  <Operators>
    <Name>\bEVERY\b</Name>
  </Operators>
  <Operators>
    <Name>\bFALSE\b</Name>
  </Operators>
  <Operators>
    <Name>\bFETCH\b</Name>
  </Operators>
  <Operators>
    <Name>\bFINAL\b</Name>
  </Operators>
  <Operators>
    <Name>\bFIRST\b</Name>
  </Operators>
  <Operators>
    <Name>\bFLOAT\b</Name>
  </Operators>
  <Operators>
    <Name>\bFLOOR\b</Name>
  </Operators>
  <Operators>
    <Name>\bFOUND\b</Name>
  </Operators>
  <Operators>
    <Name>\bGRANT\b</Name>
  </Operators>
  <Operators>
    <Name>\bGROUP\b</Name>
  </Operators>
  <Operators>
    <Name>\bINNER\b</Name>
  </Operators>
  <Operators>
    <Name>\bINOUT\b</Name>
  </Operators>
  <Operators>
    <Name>\bINPUT\b</Name>
  </Operators>
  <Operators>
    <Name>\bLARGE\b</Name>
  </Operators>
  <Operators>
    <Name>\bLEVEL\b</Name>
  </Operators>
  <Operators>
    <Name>\bLOCAL\b</Name>
  </Operators>
  <Operators>
    <Name>\bLOWER\b</Name>
  </Operators>
  <Operators>
    <Name>\bMERGE\b</Name>
  </Operators>
  <Operators>
    <Name>\bMONTH\b</Name>
  </Operators>
  <Operators>
    <Name>\bNAMES\b</Name>
  </Operators>
  <Operators>
    <Name>\bNCLOB\b</Name>
  </Operators>
  <Operators>
    <Name>\bNCHAR\b</Name>
  </Operators>
  <Operators>
    <Name>\bNULLS\b</Name>
  </Operators>
  <Operators>
    <Name>\bORDER\b</Name>
  </Operators>
  <Operators>
    <Name>\bOUTER\b</Name>
  </Operators>
  <Operators>
    <Name>\bPOWER\b</Name>
  </Operators>
  <Operators>
    <Name>\bPRIOR\b</Name>
  </Operators>
  <Operators>
    <Name>\bRANGE\b</Name>
  </Operators>
  <Operators>
    <Name>\bREADS\b</Name>
  </Operators>
  <Operators>
    <Name>\bRIGHT\b</Name>
  </Operators>
  <Operators>
    <Name>\bSCALE\b</Name>
  </Operators>
  <Operators>
    <Name>\bSCOPE\b</Name>
  </Operators>
  <Operators>
    <Name>\bSPACE\b</Name>
  </Operators>
  <Operators>
    <Name>\bSTART\b</Name>
  </Operators>
  <Operators>
    <Name>\bSTATE\b</Name>
  </Operators>
  <Operators>
    <Name>\bSTYLE\b</Name>
  </Operators>
  <Operators>
    <Name>\bTABLE\b</Name>
  </Operators>
  <Operators>
    <Name>\bTREAT\b</Name>
  </Operators>
  <Operators>
    <Name>\bUNDER\b</Name>
  </Operators>
  <Operators>
    <Name>\bUNION\b</Name>
  </Operators>
  <Operators>
    <Name>\bUPPER\b</Name>
  </Operators>
  <Operators>
    <Name>\bUSAGE\b</Name>
  </Operators>
  <Operators>
    <Name>\bUSING\b</Name>
  </Operators>
  <Operators>
    <Name>\bVALUE\b</Name>
  </Operators>
  <Operators>
    <Name>\bWHERE\b</Name>
  </Operators>
  <Operators>
    <Name>\bWRITE\b</Name>
  </Operators>
  <Operators>
    <Name>\bMUMPS\b</Name>
  </Operators>
  <Operators>
    <Name>\bMATCH\b</Name>
  </Operators>
  <Operators>
    <Name>\bCHECK\b</Name>
  </Operators>
  <Operators>
    <Name>\bBLOB\b</Name>
  </Operators>
  <Operators>
    <Name>\bBOTH\b</Name>
  </Operators>
  <Operators>
    <Name>\bCALL\b</Name>
  </Operators>
  <Operators>
    <Name>\bCASE\b</Name>
  </Operators>
  <Operators>
    <Name>\bCAST\b</Name>
  </Operators>
  <Operators>
    <Name>\bCEIL\b</Name>
  </Operators>
  <Operators>
    <Name>\bCLOB\b</Name>
  </Operators>
  <Operators>
    <Name>\bCORR\b</Name>
  </Operators>
  <Operators>
    <Name>\bDATA\b</Name>
  </Operators>
  <Operators>
    <Name>\bDATE\b</Name>
  </Operators>
  <Operators>
    <Name>\bDESC\b</Name>
  </Operators>
  <Operators>
    <Name>\bDROP\b</Name>
  </Operators>
  <Operators>
    <Name>\bELSE\b</Name>
  </Operators>
  <Operators>
    <Name>\bFREE\b</Name>
  </Operators>
  <Operators>
    <Name>\bFROM\b</Name>
  </Operators>
  <Operators>
    <Name>\bFULL\b</Name>
  </Operators>
  <Operators>
    <Name>\bGOTO\b</Name>
  </Operators>
  <Operators>
    <Name>\bHOLD\b</Name>
  </Operators>
  <Operators>
    <Name>\bHOUR\b</Name>
  </Operators>
  <Operators>
    <Name>\bINTO\b</Name>
  </Operators>
  <Operators>
    <Name>\bJOIN\b</Name>
  </Operators>
  <Operators>
    <Name>\bLAST\b</Name>
  </Operators>
  <Operators>
    <Name>\bLEFT\b</Name>
  </Operators>
  <Operators>
    <Name>\bLIKE\b</Name>
  </Operators>
  <Operators>
    <Name>\bMORE\b</Name>
  </Operators>
  <Operators>
    <Name>\bNEXT\b</Name>
  </Operators>
  <Operators>
    <Name>\bNONE\b</Name>
  </Operators>
  <Operators>
    <Name>\bNULL\b</Name>
  </Operators>
  <Operators>
    <Name>\bNAME\b</Name>
  </Operators>
  <Operators>
    <Name>\bONLY\b</Name>
  </Operators>
  <Operators>
    <Name>\bOPEN\b</Name>
  </Operators>
  <Operators>
    <Name>\bOVER\b</Name>
  </Operators>
  <Operators>
    <Name>\bRANK\b</Name>
  </Operators>
  <Operators>
    <Name>\bREAD\b</Name>
  </Operators>
  <Operators>
    <Name>\bREAL\b</Name>
  </Operators>
  <Operators>
    <Name>\bROLE\b</Name>
  </Operators>
  <Operators>
    <Name>\bROWS\b</Name>
  </Operators>
  <Operators>
    <Name>\bSELF\b</Name>
  </Operators>
  <Operators>
    <Name>\bSETS\b</Name>
  </Operators>
  <Operators>
    <Name>\bSIZE\b</Name>
  </Operators>
  <Operators>
    <Name>\bSOME\b</Name>
  </Operators>
  <Operators>
    <Name>\bSQRT\b</Name>
  </Operators>
  <Operators>
    <Name>\bTHEN\b</Name>
  </Operators>
  <Operators>
    <Name>\bTIES\b</Name>
  </Operators>
  <Operators>
    <Name>\bTIME\b</Name>
  </Operators>
  <Operators>
    <Name>\bTRIM\b</Name>
  </Operators>
  <Operators>
    <Name>\bTRUE\b</Name>
  </Operators>
  <Operators>
    <Name>\bUSER\b</Name>
  </Operators>
  <Operators>
    <Name>\bWHEN\b</Name>
  </Operators>
  <Operators>
    <Name>\bWITH\b</Name>
  </Operators>
  <Operators>
    <Name>\bWORK\b</Name>
  </Operators>
  <Operators>
    <Name>\bYEAR\b</Name>
  </Operators>
  <Operators>
    <Name>\bZONE\b</Name>
  </Operators>
  <Operators>
    <Name>\bEACH\b</Name>
  </Operators>
  <Operators>
    <Name>\bEXEC\b</Name>
  </Operators>
  <Operators>
    <Name>\bPATH\b</Name>
  </Operators>
  <Operators>
    <Name>\bCUBE\b</Name>
  </Operators>
  <Operators>
    <Name>\bCHAR\b</Name>
  </Operators>
  <Operators>
    <Name>\bTYPE\b</Name>
  </Operators>
  <Operators>
    <Name>\bABS\b</Name>
  </Operators>
  <Operators>
    <Name>\bADA\b</Name>
  </Operators>
  <Operators>
    <Name>\bADD\b</Name>
  </Operators>
  <Operators>
    <Name>\bALL\b</Name>
  </Operators>
  <Operators>
    <Name>\bAND\b</Name>
  </Operators>
  <Operators>
    <Name>\bANY\b</Name>
  </Operators>
  <Operators>
    <Name>\bARE\b</Name>
  </Operators>
  <Operators>
    <Name>\bASC\b</Name>
  </Operators>
  <Operators>
    <Name>\bAVG\b</Name>
  </Operators>
  <Operators>
    <Name>\bDAY\b</Name>
  </Operators>
  <Operators>
    <Name>\bDEC\b</Name>
  </Operators>
  <Operators>
    <Name>\bEND\b</Name>
  </Operators>
  <Operators>
    <Name>\bFOR\b</Name>
  </Operators>
  <Operators>
    <Name>\bGET\b</Name>
  </Operators>
  <Operators>
    <Name>\bINT\b</Name>
  </Operators>
  <Operators>
    <Name>\bMIN\b</Name>
  </Operators>
  <Operators>
    <Name>\bMOD\b</Name>
  </Operators>
  <Operators>
    <Name>\bNEW\b</Name>
  </Operators>
  <Operators>
    <Name>\bNOT\b</Name>
  </Operators>
  <Operators>
    <Name>\bOLD\b</Name>
  </Operators>
  <Operators>
    <Name>\bOUT\b</Name>
  </Operators>
  <Operators>
    <Name>\bPAD\b</Name>
  </Operators>
  <Operators>
    <Name>\bPLI\b</Name>
  </Operators>
  <Operators>
    <Name>\bREF\b</Name>
  </Operators>
  <Operators>
    <Name>\bROW\b</Name>
  </Operators>
  <Operators>
    <Name>\bSET\b</Name>
  </Operators>
  <Operators>
    <Name>\bSQL\b</Name>
  </Operators>
  <Operators>
    <Name>\bSUM\b</Name>
  </Operators>
  <Operators>
    <Name>\bEXP\b</Name>
  </Operators>
  <Operators>
    <Name>\bKEY\b</Name>
  </Operators>
  <Operators>
    <Name>\bMAP\b</Name>
  </Operators>
  <Operators>
    <Name>\bMAX\b</Name>
  </Operators>
  <Operators>
    <Name>\bAS\b</Name>
  </Operators>
  <Operators>
    <Name>\bGO\b</Name>
  </Operators>
  <Operators>
    <Name>\bIN\b</Name>
  </Operators>
  <Operators>
    <Name>\bIS\b</Name>
  </Operators>
  <Operators>
    <Name>\bLN\b</Name>
  </Operators>
  <Operators>
    <Name>\bNO\b</Name>
  </Operators>
  <Operators>
    <Name>\bOF\b</Name>
  </Operators>
  <Operators>
    <Name>\bON\b</Name>
  </Operators>
  <Operators>
    <Name>\bOR\b</Name>
  </Operators>
  <Operators>
    <Name>\bTO\b</Name>
  </Operators>
  <Operators>
    <Name>\bBY\b</Name>
  </Operators>
</NewDataSet>